date,code,open,high,low,close,volume,amount,turn,pctChg
2025-01-02,sz.002642,7.1900000000,7.2600000000,6.8900000000,6.9800000000,21264250,150098314.5000,3.218400,-2.377600
2025-01-03,sz.002642,7.0000000000,7.0500000000,6.5300000000,6.5400000000,23878250,160417005.5000,3.614100,-6.303700
2025-01-06,sz.002642,6.5000000000,6.6100000000,6.2900000000,6.5100000000,16872882,109475448.1800,2.553800,-0.458700
2025-01-07,sz.002642,6.5400000000,6.7200000000,6.5300000000,6.7100000000,15564900,102964064.0000,2.355800,3.072200
2025-01-08,sz.002642,6.7200000000,6.7800000000,6.3800000000,6.6300000000,21016800,138601320.0000,3.181000,-1.192300
2025-01-09,sz.002642,6.5700000000,6.8200000000,6.5600000000,6.6500000000,15886100,106172049.0000,2.404400,0.301700
2025-01-10,sz.002642,6.6500000000,6.7200000000,6.3500000000,6.3600000000,17560900,114724286.0000,2.657900,-4.360900
2025-01-13,sz.002642,6.2700000000,6.4900000000,6.1100000000,6.4600000000,18595713,118097371.1100,2.814500,1.572300
2025-01-14,sz.002642,6.5200000000,6.7900000000,6.5000000000,6.7700000000,20100747,134428328.2800,3.042300,4.798800
2025-01-15,sz.002642,6.7700000000,6.8500000000,6.6800000000,6.7600000000,15457373,104609220.5200,2.339500,-0.147700
2025-01-16,sz.002642,6.8500000000,6.9700000000,6.7300000000,6.8200000000,15217150,104085479.5000,2.303200,0.887600
2025-01-17,sz.002642,6.8100000000,6.8700000000,6.7200000000,6.8100000000,14145400,96093773.0000,2.141000,-0.146600
2025-01-20,sz.002642,6.9400000000,6.9800000000,6.7200000000,6.8600000000,17254700,118416850.0000,2.611600,0.734200
2025-01-21,sz.002642,6.8800000000,6.9300000000,6.7300000000,6.8000000000,11955400,81283221.0000,1.809500,-0.874600
2025-01-22,sz.002642,6.7900000000,7.0200000000,6.6600000000,6.8400000000,25824696,176669491.0600,3.908700,0.588200
2025-01-23,sz.002642,6.9500000000,7.2500000000,6.8700000000,6.8800000000,29870250,210055007.9600,4.521000,0.584800
2025-01-24,sz.002642,6.9100000000,7.5700000000,6.9100000000,7.5700000000,51122320,383579243.4000,7.737600,10.029100
2025-01-27,sz.002642,7.6500000000,7.7700000000,7.3700000000,7.4100000000,71716674,542330729.5400,10.854600,-2.113600
2025-02-05,sz.002642,7.5300000000,7.6400000000,7.4200000000,7.6200000000,53703881,406112514.3600,8.128300,2.834000
2025-02-06,sz.002642,7.5900000000,7.7500000000,7.5100000000,7.7200000000,49714160,381623766.4000,7.524400,1.312300
2025-02-07,sz.002642,7.7500000000,8.1000000000,7.6900000000,7.8900000000,63830695,503133128.5800,9.661000,2.202100
2025-02-10,sz.002642,7.9600000000,8.1500000000,7.9400000000,8.1300000000,54938804,442609007.2000,8.315200,3.041800
2025-02-11,sz.002642,8.1600000000,8.1600000000,7.9200000000,8.0500000000,45361310,364826496.2600,6.865600,-0.984000
2025-02-12,sz.002642,8.1100000000,8.3700000000,8.1000000000,8.1700000000,45478388,373437569.7700,6.883300,1.490700
2025-02-13,sz.002642,8.2000000000,8.2400000000,7.9600000000,8.0700000000,39853025,322326446.5600,6.031900,-1.224000
2025-02-14,sz.002642,8.2400000000,8.6200000000,8.1000000000,8.3800000000,76584774,638526293.7800,11.591400,3.841400
2025-02-17,sz.002642,8.7500000000,8.9800000000,8.5400000000,8.5900000000,95137510,828463119.0300,14.399500,2.506000
2025-02-18,sz.002642,8.5400000000,9.0900000000,8.3300000000,8.4100000000,87594785,758484171.4700,13.257800,-2.095500
2025-02-19,sz.002642,8.4100000000,8.7400000000,8.2400000000,8.6800000000,73513350,627086399.5000,11.126600,3.210500
2025-02-20,sz.002642,8.6000000000,9.1200000000,8.5400000000,8.7100000000,77420282,677933029.5000,11.717900,0.345600
2025-02-21,sz.002642,8.9800000000,9.0900000000,8.7100000000,9.0000000000,92938645,829532027.4100,14.066700,3.329500
2025-02-24,sz.002642,9.0300000000,9.2600000000,8.7800000000,8.8800000000,76780410,690368867.6500,11.621000,-1.333300
2025-02-25,sz.002642,8.6000000000,9.7700000000,8.5800000000,9.2200000000,124895355,1153927530.9700,18.903400,3.828800
2025-02-26,sz.002642,9.0700000000,9.4700000000,9.0100000000,9.2300000000,88734200,817562993.6400,13.430300,0.108500
2025-02-27,sz.002642,9.3100000000,9.4500000000,8.9100000000,9.1100000000,71747405,655185289.1800,10.859300,-1.300100
2025-02-28,sz.002642,8.9800000000,9.0300000000,8.3800000000,8.4000000000,67522008,584521577.9100,10.219700,-7.793600
2025-03-03,sz.002642,8.4000000000,8.5400000000,8.1600000000,8.2700000000,47210850,395139970.5000,7.145600,-1.547600
2025-03-04,sz.002642,8.1700000000,8.6000000000,8.1500000000,8.5800000000,38778068,328379891.2600,5.869200,3.748500
2025-03-05,sz.002642,8.5100000000,8.8100000000,8.5000000000,8.7100000000,32654451,281864882.2000,4.942400,1.515200
2025-03-06,sz.002642,8.7200000000,8.9700000000,8.7200000000,8.9100000000,43512101,386531042.8000,6.585700,2.296200
2025-03-07,sz.002642,8.9100000000,9.0400000000,8.7200000000,8.8000000000,41445050,369089775.9900,6.272900,-1.234600
2025-03-10,sz.002642,8.8900000000,8.9600000000,8.6000000000,8.6700000000,29854351,260518109.3700,4.518600,-1.477300
2025-03-11,sz.002642,8.5000000000,8.7000000000,8.4700000000,8.6500000000,25358152,217660217.7200,3.838100,-0.230700
2025-03-12,sz.002642,8.7400000000,9.4500000000,8.7300000000,8.9600000000,63366950,573216780.0000,9.590900,3.583800
2025-03-13,sz.002642,8.8900000000,8.9700000000,8.4700000000,8.7400000000,44265744,384768025.8600,6.699800,-2.455400
2025-03-14,sz.002642,8.6300000000,8.7200000000,8.3900000000,8.6700000000,37791850,324215504.0000,5.720000,-0.800900
2025-03-17,sz.002642,8.6700000000,8.8800000000,8.5100000000,8.8500000000,47445700,413329158.5000,7.181100,2.076100
2025-03-18,sz.002642,8.8400000000,8.9500000000,8.6800000000,8.7500000000,38896500,342214164.0000,5.887100,-1.129900
2025-03-19,sz.002642,8.6700000000,9.2500000000,8.6700000000,8.8200000000,69494113,622307610.0300,10.518200,0.800000
2025-03-20,sz.002642,8.7300000000,9.7000000000,8.7000000000,9.7000000000,85509350,798427312.0000,12.942200,9.977300
2025-03-21,sz.002642,9.8300000000,9.8600000000,9.3100000000,9.3400000000,148718402,1418264380.5900,22.509200,-3.711300
2025-03-24,sz.002642,9.3600000000,9.4200000000,8.4100000000,8.4100000000,100834372,883603549.8800,15.261700,-9.957200
2025-03-25,sz.002642,8.3400000000,8.3800000000,7.7200000000,7.7500000000,85469115,676516738.7500,12.936100,-7.847800
2025-03-26,sz.002642,7.7200000000,8.0500000000,7.7200000000,7.8500000000,49162713,387777897.1800,7.441000,1.290300
2025-03-27,sz.002642,7.8800000000,7.8800000000,7.6500000000,7.6700000000,33062900,256038605.0000,5.004200,-2.293000
2025-03-28,sz.002642,7.6700000000,7.8000000000,7.5800000000,7.5800000000,25946137,198809170.5700,3.927100,-1.173400
2025-03-31,sz.002642,7.4600000000,7.6200000000,7.2900000000,7.5800000000,38294101,285075676.9200,5.796000,0.000000
2025-04-01,sz.002642,7.6400000000,7.7700000000,7.5900000000,7.6400000000,30172851,231737687.1100,4.566800,0.791600
2025-04-02,sz.002642,7.6500000000,7.9700000000,7.6400000000,7.8500000000,39619452,310310179.2000,5.988600,2.748700
2025-04-03,sz.002642,7.7700000000,7.8800000000,7.6700000000,7.7700000000,25496950,198369002.5000,3.853900,-1.019100
2025-04-07,sz.002642,7.1000000000,7.3000000000,6.9900000000,6.9900000000,23308754,164375037.9200,3.523200,-10.038600
2025-04-08,sz.002642,6.8000000000,7.0200000000,6.4000000000,6.7100000000,47331065,315923569.6000,7.154200,-4.005700
2025-04-09,sz.002642,6.5100000000,6.9200000000,6.0800000000,6.8400000000,42198237,276046144.6400,6.378400,1.937400
2025-04-10,sz.002642,7.0200000000,7.1500000000,6.9700000000,6.9700000000,34505752,243308468.2400,5.215700,1.900600
2025-04-11,sz.002642,6.9200000000,7.1200000000,6.8600000000,7.0300000000,25350700,178283194.0000,3.831800,0.860800
2025-04-14,sz.002642,7.1900000000,7.2400000000,7.0800000000,7.1100000000,23149050,165670104.5000,3.499100,1.138000
2025-04-15,sz.002642,7.1200000000,7.1700000000,7.0200000000,7.1200000000,19221800,136311049.0000,2.905400,0.140600
2025-04-16,sz.002642,7.1200000000,7.1300000000,6.8300000000,6.9700000000,20323890,141702552.1000,3.072000,-2.106700
2025-04-17,sz.002642,6.9100000000,7.0800000000,6.9000000000,6.9600000000,16678000,117040290.0000,2.520900,-0.143500
2025-04-18,sz.002642,6.9600000000,7.0600000000,6.9200000000,7.0400000000,13634500,95318858.0000,2.060900,1.149400
2025-04-21,sz.002642,7.0000000000,7.2600000000,7.0000000000,7.2400000000,20098650,144053827.5000,3.038000,2.840900
2025-04-22,sz.002642,7.2200000000,7.2700000000,7.1400000000,7.1900000000,15656155,112755851.9000,2.366500,-0.690600
2025-04-23,sz.002642,7.2400000000,7.9100000000,7.2200000000,7.5200000000,65334490,494509994.6400,9.875500,4.589700
2025-04-24,sz.002642,7.4100000000,7.4700000000,7.2000000000,7.2400000000,41944135,306653542.7000,6.340000,-3.723400
2025-04-25,sz.002642,7.2500000000,7.3700000000,7.2100000000,7.2900000000,22062500,161169368.0000,3.334800,0.690600
2025-04-28,sz.002642,7.2200000000,7.2700000000,7.0800000000,7.1200000000,21767000,155617917.0000,3.290200,-2.332000
2025-04-29,sz.002642,7.0600000000,7.8300000000,6.9700000000,7.5400000000,88587738,675425899.7000,13.390300,5.898900
2025-04-30,sz.002642,7.4500000000,7.6400000000,7.4000000000,7.4500000000,59196999,444860949.4900,8.947800,-1.193600
2025-05-06,sz.002642,7.6200000000,7.7700000000,7.5900000000,7.7500000000,43525905,334979905.3800,6.579100,4.026800
2025-05-07,sz.002642,7.8100000000,7.9000000000,7.6100000000,7.6900000000,37395004,288455372.0600,5.652400,-0.774200
2025-05-08,sz.002642,7.6500000000,7.8400000000,7.6300000000,7.7800000000,30233150,234749038.1000,4.569800,1.170400
2025-05-09,sz.002642,7.7500000000,7.7900000000,7.5700000000,7.6000000000,22663600,172929418.0000,3.425700,-2.313600
2025-05-12,sz.002642,7.6500000000,8.1500000000,7.6200000000,7.8400000000,45852235,358839970.4900,6.930700,3.157900
2025-05-13,sz.002642,7.9100000000,7.9600000000,7.7200000000,7.7300000000,27695000,215954968.0100,4.186200,-1.403100
2025-05-14,sz.002642,7.7000000000,7.8300000000,7.6900000000,7.7400000000,22809700,176824545.0000,3.447800,0.129400
2025-05-15,sz.002642,7.6900000000,7.8100000000,7.5300000000,7.6000000000,29193050,222796449.4800,4.412600,-1.808800
2025-05-16,sz.002642,7.5300000000,7.6300000000,7.5200000000,7.5400000000,16591455,125647040.5000,2.507900,-0.789500
2025-05-19,sz.002642,7.5700000000,7.7000000000,7.5200000000,7.6800000000,19985900,152346221.0000,3.020900,1.856800
2025-05-20,sz.002642,7.6800000000,7.8700000000,7.6200000000,7.7900000000,26292601,204354456.7700,3.974200,1.432300
2025-05-21,sz.002642,7.7300000000,7.7900000000,7.6200000000,7.6400000000,18515957,142119634.8100,2.798700,-1.925500
2025-05-22,sz.002642,7.5900000000,7.6700000000,7.4700000000,7.4900000000,19242250,145175018.5000,2.908500,-1.963400
2025-05-23,sz.002642,7.4500000000,7.5600000000,7.2700000000,7.2800000000,21686048,160726772.2400,3.277900,-2.803700
2025-05-26,sz.002642,7.2700000000,7.5000000000,7.2500000000,7.4800000000,18965448,140546597.5800,2.866700,2.747300
2025-05-27,sz.002642,7.4500000000,7.5500000000,7.3800000000,7.4600000000,12661550,94324722.5000,1.913800,-0.267400
2025-05-28,sz.002642,7.4800000000,7.5300000000,7.3600000000,7.3800000000,12389900,91854461.0000,1.872800,-1.072400
2025-05-29,sz.002642,7.3600000000,7.6600000000,7.3400000000,7.6400000000,28321947,214527493.8900,4.281000,3.523000
2025-05-30,sz.002642,7.6000000000,7.6600000000,7.4100000000,7.4400000000,18791350,140839640.0000,2.840400,-2.617800
2025-06-03,sz.002642,7.4200000000,7.6100000000,7.4000000000,7.4900000000,15339812,115468644.2600,2.318700,0.672000
2025-06-04,sz.002642,7.5200000000,7.5700000000,7.4600000000,7.5400000000,14103310,106112311.9200,2.131800,0.667600
2025-06-05,sz.002642,7.5500000000,7.6900000000,7.5400000000,7.6700000000,26097210,198697095.4000,3.944700,1.724100
2025-06-06,sz.002642,7.6800000000,7.7600000000,7.6000000000,7.6900000000,21179600,162421842.5000,3.201400,0.260800
2025-06-09,sz.002642,7.6600000000,7.7600000000,7.6600000000,7.7300000000,16769204,129486865.9600,2.534700,0.520200
2025-06-10,sz.002642,7.7500000000,7.7700000000,7.5000000000,7.6200000000,21698750,165343714.0000,3.279800,-1.423000
2025-06-11,sz.002642,7.6000000000,7.7100000000,7.5800000000,7.6400000000,14747700,112853685.0000,2.229200,0.262500
2025-06-12,sz.002642,7.5900000000,7.7600000000,7.5600000000,7.7300000000,22629500,173965527.0000,3.420500,1.178000
2025-06-13,sz.002642,7.6700000000,7.7000000000,7.4000000000,7.4200000000,23923548,180016639.5200,3.616100,-4.010300
2025-06-16,sz.002642,7.3800000000,7.5500000000,7.3400000000,7.5400000000,14880550,111813210.5000,2.249200,1.617300
2025-06-17,sz.002642,7.5100000000,7.5600000000,7.4500000000,7.5000000000,12572950,94176148.5000,1.900400,-0.530500
2025-06-18,sz.002642,7.5100000000,7.5200000000,7.3800000000,7.4400000000,12491950,92849918.0000,1.888200,-0.800000
2025-06-19,sz.002642,7.4200000000,7.5200000000,7.2500000000,7.2600000000,16206200,118998032.0000,2.449600,-2.419400
2025-06-20,sz.002642,7.2700000000,7.3100000000,7.0900000000,7.1000000000,15816870,113180917.0900,2.390800,-2.203900
2025-06-23,sz.002642,7.0200000000,7.3500000000,7.0000000000,7.3300000000,17685950,127892535.5000,2.673300,3.239400
2025-06-24,sz.002642,7.3300000000,7.8800000000,7.3300000000,7.6400000000,38429925,292270681.7500,5.808800,4.229200
2025-06-25,sz.002642,7.5800000000,7.7300000000,7.5800000000,7.7000000000,29110541,223079960.0600,4.400200,0.785300
2025-06-26,sz.002642,7.7000000000,7.8400000000,7.6500000000,7.7200000000,26791000,206811451.0000,4.049500,0.259700
2025-06-27,sz.002642,7.7300000000,7.8200000000,7.6800000000,7.7500000000,21140500,164048573.0000,3.195500,0.388600
2025-06-30,sz.002642,7.8000000000,7.8500000000,7.7600000000,7.8100000000,16679450,130101473.0000,2.521200,0.774200
2025-07-01,sz.002642,7.8000000000,7.8500000000,7.7100000000,7.7700000000,15733650,122388890.5000,2.378200,-0.512200
2025-07-02,sz.002642,7.7500000000,7.7500000000,7.6000000000,7.6500000000,16973400,129977701.5000,2.565600,-1.544400
2025-07-03,sz.002642,7.6500000000,7.7500000000,7.6500000000,7.7000000000,14700450,113420867.0000,2.222000,0.653600
2025-07-04,sz.002642,7.6800000000,7.7500000000,7.6100000000,7.6500000000,16475000,126706419.5000,2.490200,-0.649400
2025-07-07,sz.002642,7.6200000000,7.7100000000,7.6100000000,7.6500000000,11316300,86589742.0000,1.710500,0.000000
2025-07-08,sz.002642,7.6400000000,7.7700000000,7.6300000000,7.7500000000,15917300,122708520.0000,2.406000,1.307200
2025-07-09,sz.002642,7.7700000000,7.8200000000,7.7300000000,7.7700000000,15995400,124310524.0000,2.417800,0.258100
2025-07-10,sz.002642,7.7400000000,7.9400000000,7.7200000000,7.9100000000,33152683,260839892.5300,5.011100,1.801800
2025-07-11,sz.002642,7.8900000000,8.0700000000,7.8400000000,8.0600000000,38346000,305584522.9100,5.796100,1.896300
2025-07-14,sz.002642,8.0600000000,8.1800000000,7.9400000000,7.9900000000,25495007,204064504.0200,3.853700,-0.868500
2025-07-15,sz.002642,7.9500000000,8.0200000000,7.8300000000,7.9800000000,24136659,191205314.0100,3.648300,-0.125200
2025-07-16,sz.002642,7.9500000000,8.0500000000,7.9000000000,7.9300000000,16799500,133896967.0000,2.539300,-0.626600
2025-07-17,sz.002642,7.9200000000,8.0100000000,7.8800000000,7.9600000000,17487585,139104088.7500,2.643300,0.378300
2025-07-18,sz.002642,7.9500000000,8.0500000000,7.9300000000,7.9700000000,16060750,128333016.0000,2.427600,0.125600
2025-07-21,sz.002642,7.9400000000,8.0200000000,7.9400000000,8.0000000000,17902800,142870813.0000,2.706100,0.376400
2025-07-22,sz.002642,8.0000000000,8.1500000000,7.9200000000,7.9600000000,29620359,236870429.3000,4.477200,-0.500000
2025-07-23,sz.002642,7.9100000000,7.9400000000,7.8100000000,7.8200000000,22235125,174855658.7500,3.360900,-1.758800
2025-07-24,sz.002642,7.8000000000,7.9500000000,7.7800000000,7.9500000000,16263651,128224652.8900,2.458300,1.662400
2025-07-25,sz.002642,7.9600000000,8.1500000000,7.9500000000,8.0500000000,31002085,249879594.9000,4.686100,1.257900
2025-07-28,sz.002642,8.0500000000,8.0700000000,7.9500000000,7.9900000000,18363050,146734029.9200,2.775600,-0.745300
2025-07-29,sz.002642,7.9900000000,8.0000000000,7.8600000000,7.9700000000,15229652,120453750.8800,2.302000,-0.250300
2025-07-30,sz.002642,7.9500000000,7.9600000000,7.7700000000,7.8400000000,18373539,144432479.7600,2.777200,-1.631100
2025-07-31,sz.002642,7.8100000000,7.9800000000,7.8000000000,7.8200000000,19489848,153816565.8800,2.946000,-0.255100
2025-08-01,sz.002642,7.8300000000,8.0400000000,7.7400000000,7.9600000000,22533500,177692355.0000,3.406000,1.790300
2025-08-04,sz.002642,7.8900000000,8.0400000000,7.8600000000,8.0300000000,20630950,164865666.0000,3.118400,0.879400
2025-08-05,sz.002642,8.0500000000,8.0500000000,7.9700000000,8.0400000000,16090159,128901081.0000,2.432100,0.124500
2025-08-06,sz.002642,8.0100000000,8.1700000000,7.9800000000,8.1600000000,28139300,228107738.5000,4.253300,1.492500
2025-08-07,sz.002642,8.1400000000,8.2300000000,8.1100000000,8.1900000000,24801250,202799790.5000,3.748800,0.367600
2025-08-08,sz.002642,8.1600000000,8.1700000000,8.0000000000,8.0000000000,21120400,169719507.0000,3.192400,-2.319900
2025-08-11,sz.002642,8.0000000000,8.1600000000,7.9900000000,8.1600000000,20671400,167724708.0000,3.124500,2.000000
2025-08-12,sz.002642,8.1500000000,8.2100000000,8.0800000000,8.1200000000,13839500,112553219.0000,2.091900,-0.490200
2025-08-13,sz.002642,8.1300000000,8.1800000000,8.0600000000,8.1300000000,20938700,170103607.0000,3.165000,0.123200
2025-08-14,sz.002642,8.1100000000,8.1500000000,7.9200000000,7.9400000000,23345650,187467622.5000,3.528800,-2.337000
2025-08-15,sz.002642,7.9300000000,8.0800000000,7.9000000000,8.0500000000,17681510,141801336.3100,2.672600,1.385400
2025-08-18,sz.002642,8.0600000000,8.3300000000,8.0600000000,8.2500000000,34578239,285202158.1400,5.226600,2.484500
2025-08-19,sz.002642,8.2200000000,8.5000000000,8.2100000000,8.3600000000,36163450,302845450.5000,5.466200,1.333300
2025-08-20,sz.002642,8.3100000000,8.3700000000,8.2100000000,8.3600000000,26225900,217650962.5000,3.964100,0.000000
2025-08-21,sz.002642,8.3700000000,8.5100000000,8.3100000000,8.3900000000,26478739,222159471.0900,4.002300,0.358900
2025-08-22,sz.002642,8.4400000000,8.5400000000,8.3900000000,8.5300000000,41348056,350745482.0000,6.249900,1.668700
2025-08-25,sz.002642,8.6000000000,8.8100000000,8.4400000000,8.5000000000,49714208,426864436.8600,7.514500,-0.351700
2025-08-26,sz.002642,8.4900000000,9.2900000000,8.4200000000,8.8100000000,69606008,616398468.5500,10.521200,3.647100
2025-08-27,sz.002642,8.8600000000,9.0500000000,8.6300000000,8.6300000000,62107699,550355131.8500,9.387800,-2.043100
2025-08-28,sz.002642,8.6800000000,8.9600000000,8.5100000000,8.9300000000,65907812,579500692.5300,9.962200,3.476200
2025-08-29,sz.002642,8.9300000000,8.9500000000,8.6500000000,8.6600000000,43590643,380832543.9600,6.588900,-3.023500
2025-09-01,sz.002642,8.8100000000,9.5300000000,8.8100000000,9.5300000000,51106571,479800670.1300,7.724900,10.046200
2025-09-02,sz.002642,10.0100000000,10.4800000000,9.4600000000,9.5100000000,208962185,2097362569.9400,31.585300,-0.209900
2025-09-03,sz.002642,9.4000000000,9.9700000000,9.1400000000,9.7100000000,136851501,1317895725.0300,20.685500,2.103000
2025-09-04,sz.002642,9.4100000000,9.6000000000,8.7400000000,8.7400000000,114201100,1040854952.2400,17.261900,-9.989700
2025-09-05,sz.002642,8.8500000000,8.9600000000,8.4500000000,8.9600000000,78479329,686724258.9600,11.862400,2.517200
2025-09-08,sz.002642,8.8500000000,8.9300000000,8.6900000000,8.9000000000,56774883,500979634.5100,8.581700,-0.669600
2025-09-09,sz.002642,8.8800000000,9.3400000000,8.7700000000,9.0100000000,73598567,667376418.9500,11.124700,1.236000
2025-09-10,sz.002642,9.3100000000,9.4500000000,9.1100000000,9.1200000000,76751666,711168760.6500,11.601300,1.220900
2025-09-11,sz.002642,9.9600000000,10.0300000000,9.7600000000,10.0300000000,49937266,498785485.9800,7.548200,9.978100
2025-09-12,sz.002642,10.8200000000,11.0300000000,10.1200000000,10.1500000000,213342133,2264150181.7000,32.247400,1.196400
2025-09-15,sz.002642,10.5300000000,11.1700000000,10.4000000000,11.1700000000,156596277,1673600974.4500,23.670000,10.049300
2025-09-16,sz.002642,11.5700000000,12.0000000000,11.1000000000,11.1600000000,207437766,2385654888.2300,31.354900,-0.089500
2025-09-17,sz.002642,11.0900000000,11.3800000000,10.5100000000,10.5500000000,154240281,1667771913.2200,23.313900,-5.465900
2025-09-18,sz.002642,10.5000000000,10.6300000000,9.9200000000,10.0200000000,124153704,1273832350.9300,18.766200,-5.023700
2025-09-19,sz.002642,10.0300000000,10.2300000000,9.7700000000,9.8100000000,64807232,641598931.6300,9.795800,-2.095800
2025-09-22,sz.002642,9.8000000000,10.1000000000,9.7200000000,10.0300000000,64413222,638040691.1700,9.736300,2.242600
2025-09-23,sz.002642,10.0500000000,10.0500000000,9.5000000000,9.6700000000,60971513,588401270.8600,9.216000,-3.589200
2025-09-24,sz.002642,9.5800000000,9.7400000000,9.4800000000,9.7000000000,45341202,434569483.8400,6.853500,0.310200
2025-09-25,sz.002642,9.7300000000,10.1500000000,9.6800000000,9.9100000000,64689703,644229926.8500,9.778100,2.164900
2025-09-26,sz.002642,9.7100000000,9.7300000000,9.3700000000,9.3700000000,48466641,461243446.1800,7.325900,-5.449000
2025-09-29,sz.002642,9.3000000000,9.3900000000,9.1100000000,9.3400000000,33559341,310978984.2000,5.072600,-0.320200
2025-09-30,sz.002642,9.3900000000,9.4900000000,9.3100000000,9.3600000000,24619500,230775397.0000,3.721300,0.214100
2025-10-09,sz.002642,9.3600000000,9.4100000000,9.2800000000,9.3000000000,31368550,292592492.2000,4.741500,-0.641000
2025-10-10,sz.002642,9.2400000000,9.2500000000,9.1000000000,9.1100000000,29589805,271366135.4000,4.472600,-2.043000
2025-10-13,sz.002642,8.6100000000,9.0500000000,8.5500000000,9.0300000000,28350700,251329030.0000,4.285300,-0.878200
2025-10-14,sz.002642,9.0600000000,9.1400000000,8.7800000000,8.8200000000,27142000,242781256.0000,4.102600,-2.325600
2025-10-15,sz.002642,8.8300000000,9.1000000000,8.7600000000,9.0500000000,24309428,217807641.4000,3.674400,2.607700
2025-10-16,sz.002642,9.0300000000,9.0300000000,8.8900000000,8.9100000000,18889350,168770557.2000,2.855200,-1.547000
2025-10-17,sz.002642,8.8900000000,8.9400000000,8.6700000000,8.6700000000,21032252,184723897.4400,3.179100,-2.693600
2025-10-20,sz.002642,8.7700000000,8.8600000000,8.7500000000,8.8300000000,15077010,132866998.3000,2.278900,1.845400
2025-10-21,sz.002642,8.8300000000,8.9400000000,8.7800000000,8.9400000000,16335000,145197256.0000,2.469100,1.245800
2025-10-22,sz.002642,8.8900000000,9.0100000000,8.8500000000,8.9700000000,16767800,150296155.0000,2.534500,0.335600
2025-10-23,sz.002642,8.9900000000,9.0300000000,8.8200000000,9.0200000000,17246419,153743648.6900,2.606900,0.557400
2025-10-24,sz.002642,9.0200000000,9.1000000000,9.0100000000,9.0500000000,18466500,167073051.0000,2.791300,0.332600
2025-10-27,sz.002642,9.1000000000,9.1200000000,8.9400000000,8.9900000000,21297800,192097552.0000,3.219200,-0.663000
2025-10-28,sz.002642,9.0600000000,9.0900000000,8.9300000000,9.0000000000,18376650,165913299.0000,2.777700,0.111200
2025-10-29,sz.002642,9.0000000000,9.0000000000,8.8500000000,8.9700000000,20161062,179662611.9200,3.047400,-0.333300
2025-10-30,sz.002642,8.8800000000,8.8900000000,8.6700000000,8.7500000000,25681300,225218330.0000,3.881800,-2.452600
2025-10-31,sz.002642,8.7900000000,9.0600000000,8.7600000000,8.9200000000,24058400,214241310.8800,3.636500,1.942900
2025-11-03,sz.002642,9.0000000000,9.1500000000,8.9200000000,9.1400000000,31123200,282684628.0000,4.704400,2.466400
2025-11-04,sz.002642,9.1400000000,9.1400000000,8.9700000000,9.0600000000,19954400,180462453.5000,3.016200,-0.875300
2025-11-05,sz.002642,8.9400000000,9.0500000000,8.9000000000,9.0300000000,14378750,129412646.0000,2.173400,-0.331100
2025-11-06,sz.002642,8.9900000000,9.0300000000,8.8300000000,8.9300000000,19671400,174999919.5000,2.973400,-1.107400
2025-11-07,sz.002642,8.8800000000,8.8900000000,8.8000000000,8.8100000000,16989450,149945790.0000,2.568000,-1.343800
2025-11-10,sz.002642,8.8100000000,8.8700000000,8.7600000000,8.8200000000,14905815,131089595.8500,2.253100,0.113500
2025-11-11,sz.002642,8.8100000000,8.8200000000,8.6700000000,8.6900000000,19671855,171710510.9000,2.973500,-1.473900
2025-11-12,sz.002642,8.6800000000,8.6900000000,8.4700000000,8.5600000000,19601230,167563397.3000,2.962800,-1.496000
2025-11-13,sz.002642,8.5300000000,8.6500000000,8.4600000000,8.6300000000,14550980,124644763.1000,2.199400,0.817800
2025-11-14,sz.002642,8.5500000000,8.6900000000,8.5300000000,8.6000000000,12153150,105064429.5000,1.837000,-0.347600
2025-11-17,sz.002642,8.5800000000,8.7900000000,8.5700000000,8.7800000000,18383113,160403566.8800,2.778700,2.093000
2025-11-18,sz.002642,8.7600000000,8.8500000000,8.7100000000,8.8100000000,17200400,151355598.8500,2.599900,0.341700
2025-11-19,sz.002642,8.8300000000,8.8400000000,8.5900000000,8.6300000000,17015801,147505039.9700,2.572000,-2.043100
2025-11-20,sz.002642,8.7000000000,9.0800000000,8.6500000000,8.9100000000,44265200,393351051.8200,6.690800,3.244500
2025-11-21,sz.002642,8.7600000000,9.2500000000,8.7600000000,9.0700000000,74060859,670762598.5600,11.194500,1.795700
2025-11-24,sz.002642,9.0100000000,9.6000000000,8.9300000000,9.4400000000,80355061,741280750.4500,12.145900,4.079400
2025-11-25,sz.002642,9.3100000000,9.4900000000,9.2500000000,9.3500000000,60301083,565229819.0100,9.114700,-0.953400
2025-11-26,sz.002642,9.3100000000,9.6500000000,9.2700000000,9.4900000000,61361877,580081144.4200,9.275000,1.497300
2025-11-27,sz.002642,9.5000000000,9.5100000000,9.1800000000,9.2900000000,43604837,404938651.9900,6.591000,-2.107500
2025-11-28,sz.002642,9.2000000000,9.3100000000,9.1200000000,9.1900000000,27298500,250735591.0000,4.126300,-1.076400
2025-12-01,sz.002642,9.1300000000,9.1900000000,9.0300000000,9.1300000000,27152305,247481096.3000,4.104200,-0.652900
2025-12-02,sz.002642,9.0900000000,9.3500000000,9.0000000000,9.1400000000,27693105,254190878.5500,4.185900,0.109500
2025-12-03,sz.002642,9.1000000000,9.1000000000,8.6900000000,8.7000000000,39383424,347409243.5800,5.952900,-4.814000
2025-12-04,sz.002642,8.6600000000,8.7400000000,8.5000000000,8.6000000000,21456900,184157553.0000,3.243300,-1.149400
2025-12-05,sz.002642,8.5900000000,8.6400000000,8.3700000000,8.6200000000,19967204,169858037.1000,3.018100,0.232600
2025-12-08,sz.002642,8.6100000000,8.7000000000,8.5600000000,8.6800000000,14424755,124918518.2800,2.180300,0.696100
2025-12-09,sz.002642,8.6500000000,8.6800000000,8.4500000000,8.4600000000,15630300,133742827.0000,2.362600,-2.534600
2025-12-10,sz.002642,8.4300000000,8.4400000000,8.3200000000,8.4100000000,15260300,127964351.0000,2.306600,-0.591000
2025-12-11,sz.002642,8.3700000000,8.4100000000,8.1800000000,8.1800000000,18098200,149550678.0000,2.735600,-2.734800
2025-12-12,sz.002642,8.1700000000,8.3000000000,8.1600000000,8.2300000000,10553600,86917922.0000,1.595200,0.611200
2025-12-15,sz.002642,8.1800000000,8.2400000000,8.0900000000,8.1100000000,12342100,100532542.0000,1.865500,-1.458100
2025-12-16,sz.002642,8.0800000000,8.1000000000,7.9000000000,7.9100000000,16324000,129875992.0000,2.467400,-2.466100
2025-12-17,sz.002642,7.9200000000,8.0300000000,7.7700000000,8.0200000000,17674300,139622351.0000,2.671500,1.390600
2025-12-18,sz.002642,8.0200000000,8.0900000000,7.9500000000,8.0200000000,10860998,87359269.0400,1.641700,0.000000
2025-12-19,sz.002642,7.9800000000,8.1200000000,7.9800000000,8.0800000000,11548150,93345199.5000,1.745500,0.748100
2025-12-22,sz.002642,8.0300000000,8.1700000000,8.0300000000,8.1100000000,9950750,80864958.5000,1.504100,0.371300
2025-12-23,sz.002642,8.1100000000,8.1400000000,7.9600000000,7.9900000000,11420400,91689072.3600,1.726200,-1.479700
2025-12-24,sz.002642,7.9600000000,8.1400000000,7.9500000000,8.1200000000,10410350,84333938.5000,1.573600,1.627000
2025-12-25,sz.002642,8.1400000000,8.2200000000,8.1100000000,8.2100000000,10943700,89608192.0000,1.654200,1.108400
2025-12-26,sz.002642,8.2100000000,8.2800000000,8.1400000000,8.1800000000,11747900,96465666.0000,1.775700,-0.365400
2025-12-29,sz.002642,8.1600000000,8.2300000000,8.1300000000,8.1800000000,10401250,85114084.5000,1.572200,0.000000
2025-12-30,sz.002642,8.1500000000,8.2300000000,8.1100000000,8.1100000000,12205000,99737093.0000,1.844800,-0.855700
2025-12-31,sz.002642,8.1600000000,8.3000000000,8.1000000000,8.2700000000,15701450,129014824.5000,2.373300,1.972900
2026-01-05,sz.002642,8.2600000000,8.4200000000,8.2500000000,8.3700000000,16478420,137375267.4000,2.490800,1.209200
2026-01-06,sz.002642,8.3700000000,8.4500000000,8.3400000000,8.4400000000,19169600,161010751.0000,2.897500,0.836300
2026-01-07,sz.002642,8.4200000000,8.4700000000,8.3100000000,8.3300000000,17559900,147031475.0000,2.654200,-1.303300
2026-01-08,sz.002642,8.2900000000,8.5300000000,8.2800000000,8.5100000000,22834450,193242264.0000,3.451500,2.160900
2026-01-09,sz.002642,8.4800000000,8.6500000000,8.4600000000,8.6500000000,23215300,199286255.0000,3.509100,1.645100
2026-01-12,sz.002642,8.7000000000,9.0000000000,8.6900000000,9.0000000000,41114333,365636276.6200,6.214600,4.046200
2026-01-13,sz.002642,9.1000000000,9.1100000000,8.7500000000,8.7600000000,39936450,354696163.0000,6.036500,-2.666700
2026-01-14,sz.002642,8.8400000000,9.0700000000,8.7600000000,8.9600000000,47161516,421651310.2800,7.128600,2.283100
2026-01-15,sz.002642,9.0000000000,9.1900000000,8.8200000000,8.8700000000,38490890,345523536.1000,5.818000,-1.004500
2026-01-16,sz.002642,8.8400000000,8.8800000000,8.6000000000,8.7500000000,30876452,269639783.5000,4.667100,-1.352900
2026-01-19,sz.002642,8.7500000000,8.7800000000,8.6300000000,8.6700000000,20654650,179618100.0000,3.122000,-0.914300
2026-01-20,sz.002642,8.6900000000,8.7500000000,8.5100000000,8.5900000000,17716860,152606096.7000,2.678000,-0.922700
2026-01-21,sz.002642,8.5300000000,8.6700000000,8.5100000000,8.5800000000,12484610,107413219.8000,1.887100,-0.116400
2026-01-22,sz.002642,8.6400000000,8.7300000000,8.5800000000,8.7300000000,15825700,137297765.0000,2.392100,1.748300
2026-01-23,sz.002642,8.7500000000,8.8500000000,8.7100000000,8.8200000000,20195850,177237136.0000,3.052700,1.030900
2026-01-26,sz.002642,8.8000000000,8.8000000000,8.4900000000,8.6400000000,23649860,203941401.6000,3.574800,-2.040800
2026-01-27,sz.002642,8.6000000000,8.6800000000,8.4000000000,8.5600000000,15481504,131757307.2800,2.340100,-0.925900
2026-01-28,sz.002642,8.5600000000,8.7500000000,8.5200000000,8.6400000000,16457350,142262701.0000,2.487600,0.934600
2026-01-29,sz.002642,8.6000000000,8.8000000000,8.4000000000,8.6200000000,25127050,217794358.5000,3.798000,-0.231500
2026-01-30,sz.002642,8.5500000000,8.7300000000,8.4800000000,8.4900000000,16280650,139474204.5000,2.460900,-1.508100
2026-02-02,sz.002642,8.4700000000,8.6000000000,8.3800000000,8.3900000000,17985500,152980289.5000,2.718600,-1.177900
2026-02-03,sz.002642,8.4800000000,8.5400000000,8.4000000000,8.5400000000,11288900,95811865.0000,1.706400,1.787800
2026-02-04,sz.002642,8.4700000000,8.4800000000,8.2600000000,8.3500000000,19287900,161122644.0000,2.915400,-2.224800
2026-02-05,sz.002642,8.3200000000,8.4300000000,8.2900000000,8.3400000000,12122400,101425176.0000,1.832300,-0.119800
2026-02-06,sz.002642,8.3000000000,8.4200000000,8.2000000000,8.3100000000,11458865,95403087.7500,1.732000,-0.359700
2026-02-09,sz.002642,8.4300000000,8.5900000000,8.4200000000,8.5900000000,18065402,154108817.1400,2.730600,3.369400
2026-02-10,sz.002642,8.6400000000,8.7600000000,8.5900000000,8.7100000000,18028155,156848139.8900,2.725000,1.397000
2026-02-11,sz.002642,8.6400000000,8.7800000000,8.6200000000,8.6300000000,11948550,103828524.0000,1.806100,-0.918500
2026-02-12,sz.002642,8.6700000000,8.7800000000,8.6500000000,8.6800000000,14017450,122153770.0000,2.118800,0.579400
2026-02-13,sz.002642,8.6500000000,8.7700000000,8.5900000000,8.5900000000,11847000,102608229.0000,1.790700,-1.036900
2026-02-24,sz.002642,8.6800000000,8.6800000000,8.4700000000,8.5000000000,14169600,120648584.5000,2.141800,-1.047700
2026-02-25,sz.002642,8.4900000000,8.5800000000,8.4600000000,8.4700000000,11802500,100492058.0000,1.784000,-0.352900
2026-02-26,sz.002642,8.5100000000,8.5800000000,8.4600000000,8.5000000000,11878998,101160139.5400,1.795500,0.354200
2026-02-27,sz.002642,8.4700000000,8.7800000000,8.4600000000,8.7500000000,27580400,239532301.5000,4.168900,2.941200
2026-03-02,sz.002642,8.5100000000,8.5900000000,8.2300000000,8.2400000000,34209700,285387144.0000,5.170900,-5.828600
2026-03-03,sz.002642,8.2400000000,8.2900000000,7.9600000000,7.9900000000,20451353,166238735.5300,3.091300,-3.034000
2026-03-04,sz.002642,7.9100000000,8.0400000000,7.8500000000,7.9600000000,12650340,100506605.2300,1.912100,-0.375500
2026-03-05,sz.002642,8.0700000000,8.1800000000,8.0700000000,8.1200000000,12582509,102206034.9100,1.901900,2.010100
2026-03-06,sz.002642,8.1100000000,8.2700000000,8.0700000000,8.2700000000,12296700,101018396.0000,1.858700,1.847300
2026-03-09,sz.002642,8.1900000000,8.4900000000,8.1200000000,8.4800000000,20255501,168395641.1500,3.061700,2.539300
2026-03-10,sz.002642,8.5000000000,8.6700000000,8.4900000000,8.5600000000,17900950,153347852.0000,2.705800,0.943400
2026-03-11,sz.002642,8.5600000000,8.6100000000,8.4700000000,8.5000000000,12789000,108948907.0000,1.933100,-0.700900
